"filename", "language", "Properties", "Markdown", "SQLite", "JSON", "JSON with Comments", "JavaScript", "PHP", "PostCSS", "XML", "Docker", "TypeScript", "YAML", "comment", "blank", "total"
"d:\Aplikasi\VSCode\Perpustakaan - WHN\.env", "Properties", 6, 0, 0, 0, 0, 0, 0, 0, 0, 0, 0, 0, 0, 0, 6
"d:\Aplikasi\VSCode\Perpustakaan - WHN\Dockerfile", "Docker", 0, 0, 0, 0, 0, 0, 0, 0, 0, 8, 0, 0, 0, 0, 8
"d:\Aplikasi\VSCode\Perpustakaan - WHN\INTEGRASI_DASHBOARD.md", "Markdown", 0, 48, 0, 0, 0, 0, 0, 0, 0, 0, 0, 0, 0, 14, 62
"d:\Aplikasi\VSCode\Perpustakaan - WHN\PERBAIKAN_CREATE_AKTIVITAS.md", "Markdown", 0, 111, 0, 0, 0, 0, 0, 0, 0, 0, 0, 0, 0, 30, 141
"d:\Aplikasi\VSCode\Perpustakaan - WHN\PERBAIKAN_KODE_BUKU.md", "Markdown", 0, 113, 0, 0, 0, 0, 0, 0, 0, 0, 0, 0, 0, 21, 134
"d:\Aplikasi\VSCode\Perpustakaan - WHN\PERBAIKAN_STATUS_AKTIVITAS.md", "Markdown", 0, 176, 0, 0, 0, 0, 0, 0, 0, 0, 0, 0, 0, 38, 214
"d:\Aplikasi\VSCode\Perpustakaan - WHN\PERBAIKAN_STATUS_AKTIVITAS_CORRECT.md", "Markdown", 0, 109, 0, 0, 0, 0, 0, 0, 0, 0, 0, 0, 0, 28, 137
"d:\Aplikasi\VSCode\Perpustakaan - WHN\PERBAIKAN_STATUS_DISPLAY.md", "Markdown", 0, 130, 0, 0, 0, 0, 0, 0, 0, 0, 0, 0, 8, 37, 175
"d:\Aplikasi\VSCode\Perpustakaan - WHN\PERBAIKAN_STATUS_KOLEKSI.md", "Markdown", 0, 115, 0, 0, 0, 0, 0, 0, 0, 0, 0, 0, 0, 36, 151
"d:\Aplikasi\VSCode\Perpustakaan - WHN\PERBAIKAN_STATUS_OTOMATIS.md", "Markdown", 0, 92, 0, 0, 0, 0, 0, 0, 0, 0, 0, 0, 0, 24, 116
"d:\Aplikasi\VSCode\Perpustakaan - WHN\PERBAIKAN_STATUS_PERSISTENCE.md", "Markdown", 0, 103, 0, 0, 0, 0, 0, 0, 0, 0, 0, 0, 0, 30, 133
"d:\Aplikasi\VSCode\Perpustakaan - WHN\PERBAIKAN_UPDATE_STATUS_BY_ID.md", "Markdown", 0, 136, 0, 0, 0, 0, 0, 0, 0, 0, 0, 0, 0, 35, 171
"d:\Aplikasi\VSCode\Perpustakaan - WHN\PERBAIKAN_VALIDASI_PEMINJAMAN.md", "Markdown", 0, 0, 0, 0, 0, 0, 0, 0, 0, 0, 0, 0, 0, 1, 1
"d:\Aplikasi\VSCode\Perpustakaan - WHN\PERBAIKAN_VALIDASI_STATUS.md", "Markdown", 0, 119, 0, 0, 0, 0, 0, 0, 0, 0, 0, 0, 0, 29, 148
"d:\Aplikasi\VSCode\Perpustakaan - WHN\PERUBAHAN_STATUS_KOLEKSI.md", "Markdown", 0, 161, 0, 0, 0, 0, 0, 0, 0, 0, 0, 0, 0, 44, 205
"d:\Aplikasi\VSCode\Perpustakaan - WHN\PERUBAHAN_STRUKTUR_DATABASE.md", "Markdown", 0, 134, 0, 0, 0, 0, 0, 0, 0, 0, 0, 0, 0, 32, 166
"d:\Aplikasi\VSCode\Perpustakaan - WHN\SOLUSI_DUPLIKASI_STATUS.md", "Markdown", 0, 144, 0, 0, 0, 0, 0, 0, 0, 0, 0, 0, 0, 36, 180
"d:\Aplikasi\VSCode\Perpustakaan - WHN\SOLUSI_HYBRID_STATUS.md", "Markdown", 0, 151, 0, 0, 0, 0, 0, 0, 0, 0, 0, 0, 0, 29, 180
"d:\Aplikasi\VSCode\Perpustakaan - WHN\SOLUSI_STATUS_AKTIVITAS.md", "Markdown", 0, 208, 0, 0, 0, 0, 0, 0, 0, 0, 0, 0, 0, 43, 251
"d:\Aplikasi\VSCode\Perpustakaan - WHN\SOLUSI_STATUS_BY_ID_AKTIVITAS.md", "Markdown", 0, 133, 0, 0, 0, 0, 0, 0, 0, 0, 0, 0, 0, 32, 165
"d:\Aplikasi\VSCode\Perpustakaan - WHN\add_status_field_if_missing.sql", "SQLite", 0, 0, 4, 0, 0, 0, 0, 0, 0, 0, 0, 0, 14, 5, 23
"d:\Aplikasi\VSCode\Perpustakaan - WHN\check_status_field.sql", "SQLite", 0, 0, 8, 0, 0, 0, 0, 0, 0, 0, 0, 0, 9, 5, 22
"d:\Aplikasi\VSCode\Perpustakaan - WHN\debug_status.sql", "SQLite", 0, 0, 12, 0, 0, 0, 0, 0, 0, 0, 0, 0, 6, 5, 23
"d:\Aplikasi\VSCode\Perpustakaan - WHN\dist\config\database.js", "JavaScript", 0, 0, 0, 0, 0, 15, 0, 0, 0, 0, 0, 0, 0, 1, 16
"d:\Aplikasi\VSCode\Perpustakaan - WHN\dist\controllers\aktivitas.controllers.js", "JavaScript", 0, 0, 0, 0, 0, 180, 0, 0, 0, 0, 0, 0, 20, 1, 201
"d:\Aplikasi\VSCode\Perpustakaan - WHN\dist\controllers\koleksi.controllers.js", "JavaScript", 0, 0, 0, 0, 0, 136, 0, 0, 0, 0, 0, 0, 12, 1, 149
"d:\Aplikasi\VSCode\Perpustakaan - WHN\dist\controllers\mahasiswa.controllers.js", "JavaScript", 0, 0, 0, 0, 0, 54, 0, 0, 0, 0, 0, 0, 4, 1, 59
"d:\Aplikasi\VSCode\Perpustakaan - WHN\dist\controllers\test.contollers.js", "JavaScript", 0, 0, 0, 0, 0, 40, 0, 0, 0, 0, 0, 0, 4, 1, 45
"d:\Aplikasi\VSCode\Perpustakaan - WHN\dist\routes\index.js", "JavaScript", 0, 0, 0, 0, 0, 34, 0, 0, 0, 0, 0, 0, 4, 1, 39
"d:\Aplikasi\VSCode\Perpustakaan - WHN\dist\server.js", "JavaScript", 0, 0, 0, 0, 0, 20, 0, 0, 0, 0, 0, 0, 1, 1, 22
"d:\Aplikasi\VSCode\Perpustakaan - WHN\docker-compose.yml", "YAML", 0, 0, 0, 0, 0, 0, 0, 0, 0, 0, 0, 43, 0, 4, 47
"d:\Aplikasi\VSCode\Perpustakaan - WHN\fix_aktivitas_status_field.sql", "SQLite", 0, 0, 13, 0, 0, 0, 0, 0, 0, 0, 0, 0, 7, 6, 26
"d:\Aplikasi\VSCode\Perpustakaan - WHN\fix_status_aktivitas.sql", "SQLite", 0, 0, 8, 0, 0, 0, 0, 0, 0, 0, 0, 0, 5, 4, 17
"d:\Aplikasi\VSCode\Perpustakaan - WHN\frontend\Dockerfile", "Docker", 0, 0, 0, 0, 0, 0, 0, 0, 0, 8, 0, 0, 5, 8, 21
"d:\Aplikasi\VSCode\Perpustakaan - WHN\frontend\README.md", "Markdown", 0, 109, 0, 0, 0, 0, 0, 0, 0, 0, 0, 0, 0, 47, 156
"d:\Aplikasi\VSCode\Perpustakaan - WHN\frontend\app\Console\Commands\TestKoleksi.php", "PHP", 0, 0, 0, 0, 0, 0, 26, 0, 0, 0, 0, 0, 0, 8, 34
"d:\Aplikasi\VSCode\Perpustakaan - WHN\frontend\app\Http\Controllers\AktivitasController.php", "PHP", 0, 0, 0, 0, 0, 0, 318, 0, 0, 0, 0, 0, 29, 51, 398
"d:\Aplikasi\VSCode\Perpustakaan - WHN\frontend\app\Http\Controllers\AuthController.php", "PHP", 0, 0, 0, 0, 0, 0, 54, 0, 0, 0, 0, 0, 4, 19, 77
"d:\Aplikasi\VSCode\Perpustakaan - WHN\frontend\app\Http\Controllers\Controller.php", "PHP", 0, 0, 0, 0, 0, 0, 5, 0, 0, 0, 0, 0, 0, 4, 9
"d:\Aplikasi\VSCode\Perpustakaan - WHN\frontend\app\Http\Controllers\DashboardController.php", "PHP", 0, 0, 0, 0, 0, 0, 73, 0, 0, 0, 0, 0, 5, 18, 96
"d:\Aplikasi\VSCode\Perpustakaan - WHN\frontend\app\Http\Controllers\KoleksiController.php", "PHP", 0, 0, 0, 0, 0, 0, 201, 0, 0, 0, 0, 0, 15, 31, 247
"d:\Aplikasi\VSCode\Perpustakaan - WHN\frontend\app\Http\Middleware\AdminAuth.php", "PHP", 0, 0, 0, 0, 0, 0, 16, 0, 0, 0, 0, 0, 8, 6, 30
"d:\Aplikasi\VSCode\Perpustakaan - WHN\frontend\app\Http\Middleware\GuestAuth.php", "PHP", 0, 0, 0, 0, 0, 0, 15, 0, 0, 0, 0, 0, 6, 5, 26
"d:\Aplikasi\VSCode\Perpustakaan - WHN\frontend\app\Models\Aktivitas.php", "PHP", 0, 0, 0, 0, 0, 0, 30, 0, 0, 0, 0, 0, 2, 8, 40
"d:\Aplikasi\VSCode\Perpustakaan - WHN\frontend\app\Models\Koleksi.php", "PHP", 0, 0, 0, 0, 0, 0, 27, 0, 0, 0, 0, 0, 1, 6, 34
"d:\Aplikasi\VSCode\Perpustakaan - WHN\frontend\app\Models\Mahasiswa.php", "PHP", 0, 0, 0, 0, 0, 0, 19, 0, 0, 0, 0, 0, 1, 6, 26
"d:\Aplikasi\VSCode\Perpustakaan - WHN\frontend\app\Models\User.php", "PHP", 0, 0, 0, 0, 0, 0, 25, 0, 0, 0, 0, 0, 17, 7, 49
"d:\Aplikasi\VSCode\Perpustakaan - WHN\frontend\app\Providers\AppServiceProvider.php", "PHP", 0, 0, 0, 0, 0, 0, 12, 0, 0, 0, 0, 0, 8, 5, 25
"d:\Aplikasi\VSCode\Perpustakaan - WHN\frontend\app\View\Components\Modal_aktivitas.php", "PHP", 0, 0, 0, 0, 0, 0, 15, 0, 0, 0, 0, 0, 7, 5, 27
"d:\Aplikasi\VSCode\Perpustakaan - WHN\frontend\app\View\Components\Modal_detail.php", "PHP", 0, 0, 0, 0, 0, 0, 15, 0, 0, 0, 0, 0, 7, 5, 27
"d:\Aplikasi\VSCode\Perpustakaan - WHN\frontend\app\View\Components\Sidebar.php", "PHP", 0, 0, 0, 0, 0, 0, 15, 0, 0, 0, 0, 0, 7, 5, 27
"d:\Aplikasi\VSCode\Perpustakaan - WHN\frontend\bootstrap\app.php", "PHP", 0, 0, 0, 0, 0, 0, 22, 0, 0, 0, 0, 0, 2, 4, 28
"d:\Aplikasi\VSCode\Perpustakaan - WHN\frontend\bootstrap\providers.php", "PHP", 0, 0, 0, 0, 0, 0, 4, 0, 0, 0, 0, 0, 0, 2, 6
"d:\Aplikasi\VSCode\Perpustakaan - WHN\frontend\composer.json", "JSON", 0, 0, 0, 76, 0, 0, 0, 0, 0, 0, 0, 0, 0, 1, 77
"d:\Aplikasi\VSCode\Perpustakaan - WHN\frontend\composer.lock", "JSON", 0, 0, 0, 8169, 0, 0, 0, 0, 0, 0, 0, 0, 0, 1, 8170
"d:\Aplikasi\VSCode\Perpustakaan - WHN\frontend\config\app.php", "PHP", 0, 0, 0, 0, 0, 0, 22, 0, 0, 0, 0, 0, 82, 23, 127
"d:\Aplikasi\VSCode\Perpustakaan - WHN\frontend\config\auth.php", "PHP", 0, 0, 0, 0, 0, 0, 28, 0, 0, 0, 0, 0, 74, 14, 116
"d:\Aplikasi\VSCode\Perpustakaan - WHN\frontend\config\cache.php", "PHP", 0, 0, 0, 0, 0, 0, 57, 0, 0, 0, 0, 0, 34, 18, 109
"d:\Aplikasi\VSCode\Perpustakaan - WHN\frontend\config\database.php", "PHP", 0, 0, 0, 0, 0, 0, 109, 0, 0, 0, 0, 0, 43, 23, 175
"d:\Aplikasi\VSCode\Perpustakaan - WHN\frontend\config\filesystems.php", "PHP", 0, 0, 0, 0, 0, 0, 36, 0, 0, 0, 0, 0, 32, 13, 81
"d:\Aplikasi\VSCode\Perpustakaan - WHN\frontend\config\logging.php", "PHP", 0, 0, 0, 0, 0, 0, 79, 0, 0, 0, 0, 0, 33, 21, 133
"d:\Aplikasi\VSCode\Perpustakaan - WHN\frontend\config\mail.php", "PHP", 0, 0, 0, 0, 0, 0, 57, 0, 0, 0, 0, 0, 43, 19, 119
"d:\Aplikasi\VSCode\Perpustakaan - WHN\frontend\config\queue.php", "PHP", 0, 0, 0, 0, 0, 0, 52, 0, 0, 0, 0, 0, 44, 17, 113
"d:\Aplikasi\VSCode\Perpustakaan - WHN\frontend\config\sanctum.php", "PHP", 0, 0, 0, 0, 0, 0, 17, 0, 0, 0, 0, 0, 54, 14, 85
"d:\Aplikasi\VSCode\Perpustakaan - WHN\frontend\config\services.php", "PHP", 0, 0, 0, 0, 0, 0, 20, 0, 0, 0, 0, 0, 11, 8, 39
"d:\Aplikasi\VSCode\Perpustakaan - WHN\frontend\config\session.php", "PHP", 0, 0, 0, 0, 0, 0, 23, 0, 0, 0, 0, 0, 160, 35, 218
"d:\Aplikasi\VSCode\Perpustakaan - WHN\frontend\database\factories\UserFactory.php", "PHP", 0, 0, 0, 0, 0, 0, 25, 0, 0, 0, 0, 0, 14, 6, 45
"d:\Aplikasi\VSCode\Perpustakaan - WHN\frontend\database\seeders\DatabaseSeeder.php", "PHP", 0, 0, 0, 0, 0, 0, 14, 0, 0, 0, 0, 0, 5, 5, 24
"d:\Aplikasi\VSCode\Perpustakaan - WHN\frontend\package-lock.json", "JSON", 0, 0, 0, 2651, 0, 0, 0, 0, 0, 0, 0, 0, 0, 1, 2652
"d:\Aplikasi\VSCode\Perpustakaan - WHN\frontend\package.json", "JSON", 0, 0, 0, 23, 0, 0, 0, 0, 0, 0, 0, 0, 0, 1, 24
"d:\Aplikasi\VSCode\Perpustakaan - WHN\frontend\phpunit.xml", "XML", 0, 0, 0, 0, 0, 0, 0, 0, 34, 0, 0, 0, 0, 1, 35
"d:\Aplikasi\VSCode\Perpustakaan - WHN\frontend\public\DAplikasiVSCodePerpustakaan - WHNfrontendstorageframeworkviews\187f828346b000af3c7029fb05171792.php", "PHP", 0, 0, 0, 0, 0, 0, 107, 0, 0, 0, 0, 0, 0, 3, 110
"d:\Aplikasi\VSCode\Perpustakaan - WHN\frontend\public\DAplikasiVSCodePerpustakaan - WHNfrontendstorageframeworkviews\1b38c7ca485dad804641aa52cbb02c57.php", "PHP", 0, 0, 0, 0, 0, 0, 172, 0, 0, 0, 0, 0, 0, 14, 186
"d:\Aplikasi\VSCode\Perpustakaan - WHN\frontend\public\DAplikasiVSCodePerpustakaan - WHNfrontendstorageframeworkviews\1f01f63bfde5399b503525700dccfacb.php", "PHP", 0, 0, 0, 0, 0, 0, 183, 0, 0, 0, 0, 0, 0, 11, 194
"d:\Aplikasi\VSCode\Perpustakaan - WHN\frontend\public\DAplikasiVSCodePerpustakaan - WHNfrontendstorageframeworkviews\32b20c62cb6b20693d1fa7a678d9d9c1.php", "PHP", 0, 0, 0, 0, 0, 0, 11, 0, 0, 0, 0, 0, 0, 1, 12
"d:\Aplikasi\VSCode\Perpustakaan - WHN\frontend\public\DAplikasiVSCodePerpustakaan - WHNfrontendstorageframeworkviews\3a4287aed945b1785c4c7f46181cb68b.php", "PHP", 0, 0, 0, 0, 0, 0, 46, 0, 0, 0, 0, 0, 0, 3, 49
"d:\Aplikasi\VSCode\Perpustakaan - WHN\frontend\public\DAplikasiVSCodePerpustakaan - WHNfrontendstorageframeworkviews\410027ebf47c55a7dbcb71bcde6426d5.php", "PHP", 0, 0, 0, 0, 0, 0, 4, 0, 0, 0, 0, 0, 0, 0, 4
"d:\Aplikasi\VSCode\Perpustakaan - WHN\frontend\public\DAplikasiVSCodePerpustakaan - WHNfrontendstorageframeworkviews\5c3b6fa39746f5211a541fa628954dd5.php", "PHP", 0, 0, 0, 0, 0, 0, 31, 0, 0, 0, 0, 0, 0, 2, 33
"d:\Aplikasi\VSCode\Perpustakaan - WHN\frontend\public\DAplikasiVSCodePerpustakaan - WHNfrontendstorageframeworkviews\6676b3c448ba8089a9e13967158d946c.php", "PHP", 0, 0, 0, 0, 0, 0, 70, 0, 0, 0, 0, 0, 0, 0, 70
"d:\Aplikasi\VSCode\Perpustakaan - WHN\frontend\public\DAplikasiVSCodePerpustakaan - WHNfrontendstorageframeworkviews\7777fcbb2ee4f07a3f03e03c2db6b1a7.php", "PHP", 0, 0, 0, 0, 0, 0, 46, 0, 0, 0, 0, 0, 0, 5, 51
"d:\Aplikasi\VSCode\Perpustakaan - WHN\frontend\public\DAplikasiVSCodePerpustakaan - WHNfrontendstorageframeworkviews\79d077736a92f72faf4623831507bedb.php", "PHP", 0, 0, 0, 0, 0, 0, 46, 0, 0, 0, 0, 0, 0, 14, 60
"d:\Aplikasi\VSCode\Perpustakaan - WHN\frontend\public\DAplikasiVSCodePerpustakaan - WHNfrontendstorageframeworkviews\97570e7f401c1518e896fac0a72db289.php", "PHP", 0, 0, 0, 0, 0, 0, 156, 0, 0, 0, 0, 0, 0, 8, 164
"d:\Aplikasi\VSCode\Perpustakaan - WHN\frontend\public\DAplikasiVSCodePerpustakaan - WHNfrontendstorageframeworkviews\aa1d07ece745088f5315aad7a139ef42.php", "PHP", 0, 0, 0, 0, 0, 0, 4, 0, 0, 0, 0, 0, 0, 0, 4
"d:\Aplikasi\VSCode\Perpustakaan - WHN\frontend\public\DAplikasiVSCodePerpustakaan - WHNfrontendstorageframeworkviews\b95ea80a83614489f07ef0c2706c5a97.php", "PHP", 0, 0, 0, 0, 0, 0, 11, 0, 0, 0, 0, 0, 0, 1, 12
"d:\Aplikasi\VSCode\Perpustakaan - WHN\frontend\public\DAplikasiVSCodePerpustakaan - WHNfrontendstorageframeworkviews\e1a333eb20190c1dd9986c8891aed262.php", "PHP", 0, 0, 0, 0, 0, 0, 6, 0, 0, 0, 0, 0, 0, 2, 8
"d:\Aplikasi\VSCode\Perpustakaan - WHN\frontend\public\DAplikasiVSCodePerpustakaan - WHNfrontendstorageframeworkviews\e595db8bf302839146177c246bf88c0f.php", "PHP", 0, 0, 0, 0, 0, 0, 11, 0, 0, 0, 0, 0, 0, 1, 12
"d:\Aplikasi\VSCode\Perpustakaan - WHN\frontend\public\css\dashboard.css", "PostCSS", 0, 0, 0, 0, 0, 0, 0, 429, 0, 0, 0, 0, 0, 50, 479
"d:\Aplikasi\VSCode\Perpustakaan - WHN\frontend\public\index.php", "PHP", 0, 0, 0, 0, 0, 0, 10, 0, 0, 0, 0, 0, 4, 7, 21
"d:\Aplikasi\VSCode\Perpustakaan - WHN\frontend\resources\css\app.css", "PostCSS", 0, 0, 0, 0, 0, 0, 0, 119, 0, 0, 0, 0, 6, 26, 151
"d:\Aplikasi\VSCode\Perpustakaan - WHN\frontend\resources\js\api.js", "JavaScript", 0, 0, 0, 0, 0, 135, 0, 0, 0, 0, 0, 0, 21, 24, 180
"d:\Aplikasi\VSCode\Perpustakaan - WHN\frontend\resources\js\app.js", "JavaScript", 0, 0, 0, 0, 0, 44, 0, 0, 0, 0, 0, 0, 7, 11, 62
"d:\Aplikasi\VSCode\Perpustakaan - WHN\frontend\resources\js\bootstrap.js", "JavaScript", 0, 0, 0, 0, 0, 3, 0, 0, 0, 0, 0, 0, 0, 2, 5
"d:\Aplikasi\VSCode\Perpustakaan - WHN\frontend\resources\js\koleksi.js", "JavaScript", 0, 0, 0, 0, 0, 96, 0, 0, 0, 0, 0, 0, 14, 14, 124
"d:\Aplikasi\VSCode\Perpustakaan - WHN\frontend\resources\views\aktivitas.blade.php", "PHP", 0, 0, 0, 0, 0, 0, 1143, 0, 0, 0, 0, 0, 89, 183, 1415
"d:\Aplikasi\VSCode\Perpustakaan - WHN\frontend\resources\views\components\loading-button.blade.php", "PHP", 0, 0, 0, 0, 0, 0, 30, 0, 0, 0, 0, 0, 0, 5, 35
"d:\Aplikasi\VSCode\Perpustakaan - WHN\frontend\resources\views\components\modal-aktivitas.blade.php", "PHP", 0, 0, 0, 0, 0, 0, 481, 0, 0, 0, 0, 0, 28, 51, 560
"d:\Aplikasi\VSCode\Perpustakaan - WHN\frontend\resources\views\components\modal-detail.blade.php", "PHP", 0, 0, 0, 0, 0, 0, 128, 0, 0, 0, 0, 0, 4, 15, 147
"d:\Aplikasi\VSCode\Perpustakaan - WHN\frontend\resources\views\components\modal-edit.blade.php", "PHP", 0, 0, 0, 0, 0, 0, 389, 0, 0, 0, 0, 0, 24, 35, 448
"d:\Aplikasi\VSCode\Perpustakaan - WHN\frontend\resources\views\components\modal-tambah.blade.php", "PHP", 0, 0, 0, 0, 0, 0, 405, 0, 0, 0, 0, 0, 16, 36, 457
"d:\Aplikasi\VSCode\Perpustakaan - WHN\frontend\resources\views\components\sidebar.blade.php", "PHP", 0, 0, 0, 0, 0, 0, 205, 0, 0, 0, 0, 0, 5, 17, 227
"d:\Aplikasi\VSCode\Perpustakaan - WHN\frontend\resources\views\dashboard.blade.php", "PHP", 0, 0, 0, 0, 0, 0, 216, 0, 0, 0, 0, 0, 0, 14, 230
"d:\Aplikasi\VSCode\Perpustakaan - WHN\frontend\resources\views\koleksi.blade.php", "PHP", 0, 0, 0, 0, 0, 0, 962, 0, 0, 0, 0, 0, 66, 127, 1155
"d:\Aplikasi\VSCode\Perpustakaan - WHN\frontend\resources\views\koleksi_error.blade.php", "PHP", 0, 0, 0, 0, 0, 0, 404, 0, 0, 0, 0, 0, 17, 44, 465
"d:\Aplikasi\VSCode\Perpustakaan - WHN\frontend\resources\views\login.blade.php", "PHP", 0, 0, 0, 0, 0, 0, 182, 0, 0, 0, 0, 0, 3, 13, 198
"d:\Aplikasi\VSCode\Perpustakaan - WHN\frontend\resources\views\welcome.blade.php", "PHP", 0, 0, 0, 0, 0, 0, 271, 0, 0, 0, 0, 0, 0, 9, 280
"d:\Aplikasi\VSCode\Perpustakaan - WHN\frontend\routes\api.php", "PHP", 0, 0, 0, 0, 0, 0, 11, 0, 0, 0, 0, 0, 2, 5, 18
"d:\Aplikasi\VSCode\Perpustakaan - WHN\frontend\routes\console.php", "PHP", 0, 0, 0, 0, 0, 0, 6, 0, 0, 0, 0, 0, 0, 3, 9
"d:\Aplikasi\VSCode\Perpustakaan - WHN\frontend\routes\web.php", "PHP", 0, 0, 0, 0, 0, 0, 40, 0, 0, 0, 0, 0, 4, 10, 54
"d:\Aplikasi\VSCode\Perpustakaan - WHN\frontend\tests\Feature\ExampleTest.php", "PHP", 0, 0, 0, 0, 0, 0, 11, 0, 0, 0, 0, 0, 4, 5, 20
"d:\Aplikasi\VSCode\Perpustakaan - WHN\frontend\tests\TestCase.php", "PHP", 0, 0, 0, 0, 0, 0, 6, 0, 0, 0, 0, 0, 1, 4, 11
"d:\Aplikasi\VSCode\Perpustakaan - WHN\frontend\tests\Unit\ExampleTest.php", "PHP", 0, 0, 0, 0, 0, 0, 10, 0, 0, 0, 0, 0, 3, 4, 17
"d:\Aplikasi\VSCode\Perpustakaan - WHN\frontend\vite.config.js", "JavaScript", 0, 0, 0, 0, 0, 12, 0, 0, 0, 0, 0, 0, 0, 2, 14
"d:\Aplikasi\VSCode\Perpustakaan - WHN\package-lock.json", "JSON", 0, 0, 0, 4147, 0, 0, 0, 0, 0, 0, 0, 0, 0, 1, 4148
"d:\Aplikasi\VSCode\Perpustakaan - WHN\package.json", "JSON", 0, 0, 0, 30, 0, 0, 0, 0, 0, 0, 0, 0, 0, 1, 31
"d:\Aplikasi\VSCode\Perpustakaan - WHN\src\config\database.ts", "TypeScript", 0, 0, 0, 0, 0, 0, 0, 0, 0, 0, 10, 0, 0, 3, 13
"d:\Aplikasi\VSCode\Perpustakaan - WHN\src\controllers\aktivitas.controllers.ts", "TypeScript", 0, 0, 0, 0, 0, 0, 0, 0, 0, 0, 185, 0, 20, 37, 242
"d:\Aplikasi\VSCode\Perpustakaan - WHN\src\controllers\koleksi.controllers.ts", "TypeScript", 0, 0, 0, 0, 0, 0, 0, 0, 0, 0, 145, 0, 15, 29, 189
"d:\Aplikasi\VSCode\Perpustakaan - WHN\src\controllers\mahasiswa.controllers.ts", "TypeScript", 0, 0, 0, 0, 0, 0, 0, 0, 0, 0, 49, 0, 4, 11, 64
"d:\Aplikasi\VSCode\Perpustakaan - WHN\src\controllers\test.contollers.ts", "TypeScript", 0, 0, 0, 0, 0, 0, 0, 0, 0, 0, 31, 0, 4, 7, 42
"d:\Aplikasi\VSCode\Perpustakaan - WHN\src\routes\index.ts", "TypeScript", 0, 0, 0, 0, 0, 0, 0, 0, 0, 0, 46, 0, 4, 9, 59
"d:\Aplikasi\VSCode\Perpustakaan - WHN\src\server.ts", "TypeScript", 0, 0, 0, 0, 0, 0, 0, 0, 0, 0, 15, 0, 1, 5, 21
"d:\Aplikasi\VSCode\Perpustakaan - WHN\test_api.js", "JavaScript", 0, 0, 0, 0, 0, 196, 0, 0, 0, 0, 0, 0, 22, 36, 254
"d:\Aplikasi\VSCode\Perpustakaan - WHN\tsconfig.json", "JSON with Comments", 0, 0, 0, 0, 12, 0, 0, 0, 0, 0, 0, 0, 93, 9, 114
"Total", "-", 6, 2292, 45, 15096, 12, 965, 7245, 548, 34, 16, 481, 43, 1328, 1975, 30086